id,depressant_probability
28,0.55197304
29,0.50311035
69,0.51270616
87,0.633939
89,0.57375354
141,0.71847963
189,0.50714445
212,0.5044894
213,0.50919414
252,0.66162455
269,0.5711887
288,0.9689604
297,0.6231851
318,0.60949254
328,0.6116488
350,0.83376837
368,0.74388355
